neighbourhood_name,zip_code
Dorchester,02122
Roxbury,02115
Mission Hill,02130
Allston-Brighton,02134
Jamaica Plain,02130
Beacon Hill,02113
Chinatown,02116
Government Center,02114
South End,02119
Allston-Brighton,02163
South End,02210
South Boston,02128
Theater District,02111
Mission Hill,02119
North End,02109
West Roxbury,02131
Fenway/Kenmore,02446
Mattapan,02126
Somerville,02143
North End,02114
Theater District,02116
Beacon Hill,02114
Allston-Brighton,02135
Allston-Brighton,02134-1704
Harvard Square,02138
Downtown Crossing,02110
Dorchester,02124
West End,02114
Chestnut Hill,02467
West Roxbury,02132
South Boston,02210
Back Bay,02116
Downtown,02108
Beacon Hill,02126
Dorchester,02121
Jamaica Plain,02119
Roxbury,02121
Beacon Hill,02108
Downtown Crossing,02108 02111
Fenway/Kenmore,02115
Hyde Park,02136
Mattapan,02124
Hyde Park,02131
North End,02110
West Roxbury,02130
Dorchester,02126
Back Bay,02114
South End,02116
Allston-Brighton,02114
West Roxbury,02114
Roxbury,02118
Back Bay,02215
Allston-Brighton,02215
Cambridge,02141
Brookline,02446
South End,""
Downtown,02111
Hyde Park,02111
Charlestown,02145
South Boston,02127
Somerville,02141
East Boston,02128
Roxbury,02119
Roxbury,02125
North End,02108
Fenway/Kenmore,02215
Mission Hill,02120
North End,02113
Cambridge,02138
Cambridge,02139
Roslindale,02131
Charlestown,02129
Downtown,02109
Downtown Crossing,02111
Allston-Brighton,02445
Back Bay,02115
South End,02118
Fenway/Kenmore,""
Roxbury,02120
Government Center,02108
Downtown Crossing,02108
West End,02108
Somerville,02145
Dorchester,02125
Jamaica Plain,02131
Financial District,02109
Mission Hill,02115
Brookline,02445
Allston-Brighton,02115
Hyde Park,02126
Leather District,02111
Mattapan,02121
Chinatown,02111
